_id,id,image
,test6,"[{'image_path': '10.jpg', 'created_at': '2021-06-02', 'tag': ['', '추천', '고기', 'life', 'fashion', 'hairstyle', 'haircolor', '종로3가', 'haircut', 'makeup', 'style', 'cute', '맛집', 'beauty', 'hair']}, {'image_path': '11.jpg', 'created_at': '2021-06-02', 'tag': ['', '필라프', 'photography', 'fashion', 'hairstyle', 'haircolor', '종로3가', 'makeup', 'haircut', 'style', 'follow', '맛집', 'beauty', '긴 머리', 'hair']}, {'image_path': '12.jpg', 'created_at': '2021-06-02', 'tag': ['selfie', 'fashion', 'like', 'hairstyle', '단발', 'beauty', '종로3가', 'makeup', 'instagood', '삼겹살', '금발', '스카프', 'follow', 'cute', '염색', 'hair']}, {'image_path': '13.jpg', 'created_at': '2021-06-02', 'tag': ['fashion', 'hairstyle', '경기도인', '종로3가', 'makeup', 'haircut', 'model', 'style', 'bhfyp', 'makeupartist', 'beauty', '긴 머리', 'hair']}, {'image_path': '37.jpg', 'created_at': '2021-06-02', 'tag': ['life', '단발머리', 'fashion', '목걸이', 'hairstyle', 'haircolor', 'beauty', 'haircut', 'makeup', '금발', 'hairstyles', '염색', 'love', 'hair']}, {'image_path': '38.jpg', 'created_at': '2021-06-02', 'tag': ['photography', 'hairstyle', 'like', '뿌리염색', '이목구비', 'beauty', 'makeup', 'haircut', 'instagood', '금발', 'photo', 'follow', '염색', '긴 머리', 'hair']}, {'image_path': '39.jpg', 'created_at': '2021-06-02', 'tag': ['핑크', 'hairstyle', '원피스', 'hairdresser', 'haircolor', 'beauty', 'makeup', 'haircut', 'hairstyles', '나들이', '펌', 'shampoo', 'hairstylist', '염색', '긴 머리', 'hair']}, {'image_path': '40.jpg', 'created_at': '2021-06-02', 'tag': ['fashion', 'hairstyle', 'hairdresser', 'haircolor', 'beauty', 'haircut', 'makeup', '셀카', 'style', '에쉬브라운', 'hairstyles', '펌', '염색', '긴 머리', 'hair']}]"
,test7,"[{'image_path': '1.jpg', 'created_at': '2021-06-02', 'tag': ['life', 'beautiful', 'photography', 'hairstyle', 'makeup', 'love', 'style', '취업사진', 'beauty', 'skin', 'hair']}, {'image_path': '2.jpg', 'created_at': '2021-06-02', 'tag': ['photography', 'unblockdrains', 'makeup', 'haircut', 'photo', '취업사진', 'unblock', 'hairstylist', '합격기원', 'beauty', '긴 머리', 'hair', 'kitchenwaste']}, {'image_path': '3.jpg', 'created_at': '2021-06-02', 'tag': ['hairstyle', 'hairgoals', 'hairdresser', 'haircut', 'makeup', '정장', 'hairstyles', 'hairtransformation', 'hairstylist', 'beauty', '긴 머리', 'hair']}, {'image_path': '3.jpg', 'created_at': '2021-06-02', 'tag': ['hairstyle', 'hairgoals', 'hairdresser', 'haircut', 'makeup', '정장', '취업사진', 'hairstyles', 'hairtransformation', 'hairstylist', 'beauty', '긴 머리', 'hair']}, {'image_path': '4.jpg', 'created_at': '2021-06-02', 'tag': ['beautiful', 'life', 'photography', 'hairstyle', 'makeup', '스튜어디스', 'instagood', '취업사진', '묶음머리', 'beauty', 'skin', 'hair', 'nails']}, {'image_path': '9.jpg', 'created_at': '2021-06-02', 'tag': ['일반인', 'beautiful', 'life', 'photography', 'followme', 'makeup', '넥타이', '취업사진', 'follow', 'beauty', 'love', 'hair', 'music']}]"
,test8,"[{'image_path': '5.jpg', 'created_at': '2021-06-02', 'tag': ['hairstyle', 'haircolor', 'beauty', 'haircut', 'makeup', 'love', 'hairstyles', '여신', '펌', 'follow', '뷰티', 'hairstylist', 'hair']}, {'image_path': '6.jpg', 'created_at': '2021-06-02', 'tag': ['summer', 'portrait', 'photography', 'barber', 'hairstyle', 'haircut', '셀카', 'style', 'photo', '분위기', 'beauty', 'hair']}, {'image_path': '7.jpg', 'created_at': '2021-06-02', 'tag': ['진지', '추천', 'fashion', 'hairstyle', 'haircolor', 'makeup', 'haircut', 'style', 'hairstyles', '미용', 'follow', 'beauty', 'hair']}, {'image_path': '8.jpg', 'created_at': '2021-06-02', 'tag': ['wedding', '롤모델', '배우', 'photography', 'hairgoals', 'picoftheday', '몸짱', 'haircut', 'makeup', 'style', 'photo', '가수', 'beauty', 'hair']}, {'image_path': '16.jpg', 'created_at': '2021-06-02', 'tag': ['어깨깡패', '장발', '근육', '헬스', 'fashion', 'hairstyle', '커피', 'picoftheday', 'photooftheday', 'smile', 'style', 'cute', 'beauty', 'love', 'hair']}, {'image_path': '26.jpg', 'created_at': '2021-06-02', 'tag': ['beach', '헬스', 'photography', '노력', 'design', 'picoftheday', '몸짱', 'beauty', 'makeup', 'me', 'cool', '복근', 'hair', 'instagram']}, {'image_path': '27.jpg', 'created_at': '2021-06-02', 'tag': ['photography', '선글라스', 'photoshoot', 'beauty', 'makeup', 'picoftheday', '군복', 'stylist', 'photooftheday', 'me', 'love', '복근', '전역', 'hair']}, {'image_path': '28.jpg', 'created_at': '2021-06-02', 'tag': ['life', 'portrait', '헬스', 'photography', '아르기닌', 'tigi', 'haircut', '협찬', 'makeup', 'photo', 'wellaprofessional', 'beauty', 'hair']}]"
,test1,"[{'image_path': '14.jpg', 'created_at': '2021-06-02', 'tag': ['beautiful', 'life', 'photography', '마스크', '저녁', 'portrait', 'makeup', 'face', '한강', '묶음머리', 'beauty', 'love', 'hair', 'music']}, {'image_path': '15.jpg', 'created_at': '2021-06-02', 'tag': ['fashion', '초저녁', 'look', 'beauty', 'makeup', 'haircut', 'style', '한강', 'hairstyles', 'hairtransformation', 'hairstylist', '뷰티', '긴 머리', 'hair']}, {'image_path': '17.jpg', 'created_at': '2021-06-02', 'tag': ['남친짤', '', 'life', '미소천사', 'fashion', 'hairstyle', 'like', 'makeup', 'style', '한강', 'instagood', 'follow', 'beauty', 'hair']}, {'image_path': '18.jpg', 'created_at': '2021-06-02', 'tag': ['beach', 'fitness', '텐트', 'photography', '남자', 'makeup', 'style', '한강', '훈남', 'amazing', 'follow', '전역1일차', 'beauty', 'hair', 'instagram']}, {'image_path': '19.jpg', 'created_at': '2021-06-02', 'tag': ['beach', 'photography', 'design', 'me', '한강', '산책', 'instagood', '맑음', 'follow', 'cute', 'cool', '염색', '머리띠', 'hair', 'instagram']}, {'image_path': '29.jpg', 'created_at': '2021-06-02', 'tag': ['fashion', 'hairstyle', 'like', 'haircolor', '생머리', '청자켓', 'makeup', 'haircut', '한강', 'hairstyles', 'follow', 'beauty', '긴 머리', 'hair']}]"
,test2,"[{'image_path': '22.jpg', 'created_at': '2021-06-02', 'tag': ['life', 'fashion', 'photography', '바닐라라떼', 'hairstyle', 'beauty', 'makeup', 'love', 'style', 'follow', '뷰티', '긴 머리', 'hair']}, {'image_path': '24.jpg', 'created_at': '2021-06-02', 'tag': ['beautiful', '핑크', 'photography', 'hairstyle', '다이어트자극', 'photoshoot', '8등신', 'makeup', 'love', 'picoftheday', '카페', 'style', 'beauty', '긴 머리', 'hair']}, {'image_path': '25.jpg', 'created_at': '2021-06-02', 'tag': ['', 'beautiful', 'photography', 'picoftheday', 'photooftheday', 'makeup', 'love', '카페', 'style', '가을', 'model', 'beauty', '충주', 'hair']}, {'image_path': '30.jpg', 'created_at': '2021-06-02', 'tag': ['portrait', 'photography', 'girl', 'photoshoot', 'portraits', 'makeup', '아아', 'love', '카페', 'photo', '펌', '흰티', 'beauty', '긴 머리', 'hair']}]"
,test4,"[{'image_path': '31.jpg', 'created_at': '2021-06-02', 'tag': ['', '아기', 'selfie', 'photography', 'design', 'picoftheday', '조카', 'me', '큐트', 'style', 'boy', 'beauty', 'hair', 'instagram']}, {'image_path': '34.jpg', 'created_at': '2021-06-02', 'tag': ['아기', 'life', '아이스크림', 'photography', 'hairstyle', 'fashion', 'workout', 'beauty', 'makeup', 'model', 'style', '묶음머리', '여자', 'hair']}, {'image_path': '35.jpg', 'created_at': '2021-06-02', 'tag': ['아기', '천사', 'life', 'photography', 'hairstyle', 'makeup', 'face', '큐트', '아들', 'beauty', 'skin', 'hair', 'likeforlike', 'music']}, {'image_path': '36.jpg', 'created_at': '2021-06-02', 'tag': ['아기', '천사', 'instapic', 'life', 'photography', 'hairstyle', 'workout', 'makeup', 'haircut', '인천', 'style', '집', 'beauty', 'hair']}]"
,test5,"[{'image_path': '20.jpg', 'created_at': '2021-06-02', 'tag': ['hairstyle', 'haircolor', 'beauty', 'makeup', '협찬', 'haircut', '로션', 'hairstyles', '여신', 'color', 'hairtransformation', 'hairstylist', '뷰티', '긴 머리', 'hair']}, {'image_path': '21.jpg', 'created_at': '2021-06-02', 'tag': ['fashion', '화사함', 'hairstyle', '앞머리', '청순', '여친', 'like', 'makeup', 'haircolor', 'follow', 'cute', 'beauty', 'love', 'hair']}, {'image_path': '23.jpg', 'created_at': '2021-06-02', 'tag': ['life', 'beautiful', 'followme', 'makeup', 'face', '연예인', '묶음머리', '여신', 'skin', 'follow', '분위기', 'beauty', 'love', 'hair']}, {'image_path': '32.jpg', 'created_at': '2021-06-02', 'tag': ['', '가죽자켓', 'life', 'portrait', 'photography', '헤어', 'hairstyle', 'makeup', 'face', 'haircut', '고양시', 'skincare', '반올림머리', 'beauty', 'hair']}]"
,test3,"[{'image_path': '42.jpg', 'created_at': '2021-06-02', 'tag': ['피씨방', '피어싱', 'life', 'beautiful', 'photography', '헤어', 'followme', 'face', 'makeup', '타투', '울프컷', 'beauty', 'skin', 'hair', 'music']}, {'image_path': '43.jpg', 'created_at': '2021-06-02', 'tag': ['셔츠', 'life', 'portrait', 'photography', 'barber', 'hairstyle', 'beauty', 'haircut', 'makeup', 'photo', '금발', '울프컷', '염색', 'hair']}, {'image_path': '44.jpg', 'created_at': '2021-06-02', 'tag': ['beautiful', 'life', 'photography', '투블럭', '헤어', 'girl', 'smile', 'makeup', '귀걸이', 'photo', '울프컷', 'beauty', 'love', 'hair']}]"
,ahippo ,"[{'image_path': 'Test1234.jpg', 'created_at': '2021-06-03', 'tag': ['', 'beauty', 'follow', 'beautiful', 'nails', 'hair', 'love', 'Lifestyle', 'makeup', 'photography', 'skin', 'hairstyle']}]"
,ahippo,"[{'image_path': 'pi.jpg', 'created_at': '2021-06-03', 'tag': ['', 'photography', 'beauty', 'style', 'makeup', 'instagood', 'hairstyle', '1234', 'life', 'hair', 'love', 'haircut']}, {'image_path': 'pi.jpg', 'created_at': '2021-06-03', 'tag': ['', 'life', 'haircut', 'hairstyle', 'beauty', 'photography', 'hair', 'style', 'makeup', 'love', '4567', 'instagood']}, {'image_path': 'pi.jpg', 'created_at': '2021-06-03', 'tag': ['', 'beauty', 'hairstyle', 'hair', 'style', 'love', '1234', 'makeup', 'haircut', 'life', 'instagood', 'photography']}, {'image_path': 'pi.jpg', 'created_at': '2021-06-03', 'tag': ['', 'style', 'hair', 'makeup', '1234', 'life', 'haircut', 'instagood', 'beauty', 'photography', 'love', 'hairstyle']}, {'image_path': 'pi.jpg', 'created_at': '2021-06-03', 'tag': ['', 'style', 'hair', 'makeup', '1234', 'life', 'haircut', 'instagood', 'beauty', 'photography', 'love', 'hairstyle']}]"
,tjdgus,"[{'image_path': 'mynameisjihye.jpg', 'created_at': '2021-06-03', 'tag': ['', 'unblockdrains', 'beauty', 'kitchenwaste', '여자', 'hair', '긴머리펌', 'unblock', 'photography', 'wedding', '증명사진', 'makeup', 'haircut', '인천', '맛집추천', '서울시 중구', 'photo']}]"
,dlfhdns,"[{'image_path': 'mynameisjihye.jpg', 'created_at': '2021-06-03', 'tag': ['', 'unblockdrains', 'beauty', 'kitchenwaste', 'hair', 'unblock', 'wedding', 'makeup', 'haircut', '인천', 'photography', 'photo']}]"
,lsk7011,"[{'image_path': 'mynameisjihye.jpg', 'created_at': '2021-06-03', 'tag': ['', 'unblockdrains', 'wedding', 'photo', 'beauty', 'haircut', '증명사진', '긴머리펌', 'unblock', 'photography', 'hair', '무야호', 'makeup', 'kitchenwaste']}]"
